2025-11-09_18-20-01,None,draft.py:2025-11-09_18-20-01
2025-11-09_18-32-30,None,draft.py:2025-11-09_18-32-30
2025-11-09_18-33-18,None,draft.py:2025-11-09_18-33-18
2025-11-09_18-35-21,None,draft.py:2025-11-09_18-35-21
2025-11-09_18-41-04,None,draft.py:2025-11-09_18-41-04
2025-11-09_18-45-43,None,draft.py:2025-11-09_18-45-43
2025-11-09_18-47-16,None,draft.py:2025-11-09_18-47-16
2025-11-10_01-24-09,None,draft.py:2025-11-10_01-24-09
2025-11-10_01-24-09,None,draft.py:2025-11-10_01-24-09
2025-11-10_01-24-55,None,draft.py:2025-11-10_01-24-55
2025-11-10_01-25-37,None,draft.py:2025-11-10_01-25-37
2025-11-10_01-25-41,None,draft.py:2025-11-10_01-25-37
2025-11-10_01-26-06,None,draft.py:2025-11-10_01-25-37
2025-11-10_01-30-44,None,draft.py:2025-11-10_01-25-37
2025-11-10_01-31-45,None,draft.py:2025-11-10_01-31-45
2025-11-10_01-33-28,None,draft.py:2025-11-10_01-33-28
2025-11-10_01-34-28,None,draft.py:2025-11-10_01-33-28
2025-11-10_01-39-55,None,draft.py:2025-11-10_01-39-55
2025-11-10_01-42-51,None,draft.py:2025-11-10_01-42-51
2025-11-10_01-43-33,None,draft.py:2025-11-10_01-42-51
2025-11-10_02-00-45,None,draft.py:2025-11-10_02-00-45
2025-11-10_02-02-35,None,draft.py:2025-11-10_02-02-35
2025-11-10_02-11-39,None,draft.py:2025-11-10_02-11-39
2025-11-10_02-12-17,None,draft.py:2025-11-10_02-12-17
2025-11-10_02-12-40,None,draft.py:2025-11-10_02-12-40
2025-11-10_02-12-48,None,draft.py:2025-11-10_02-12-48
2025-11-10_02-13-19,None,draft.py:2025-11-10_02-13-19
2025-11-10_02-13-28,None,draft.py:2025-11-10_02-13-28
2025-11-10_02-16-15,None,draft.py:2025-11-10_02-16-15
2025-11-10_02-18-02,None,draft.py:2025-11-10_02-16-15
2025-11-10_02-18-02,None,draft.py:2025-11-10_02-16-15
2025-11-10_02-18-03,None,draft.py:2025-11-10_02-16-15
2025-11-10_02-18-31,None,draft.py:2025-11-10_02-18-31
2025-11-10_02-18-39,None,draft.py:2025-11-10_02-18-39
2025-11-10_02-24-29,None,draft.py:2025-11-10_02-24-29
2025-11-10_02-28-52,None,draft.py:2025-11-10_02-28-52
2025-11-10_02-30-01,None,draft.py:2025-11-10_02-30-01
2025-11-10_02-30-41,None,draft.py:2025-11-10_02-30-41
2025-11-10_02-36-46,None,draft.py:2025-11-10_02-36-46
2025-11-10_02-41-11,None,draft.py:2025-11-10_02-41-11
2025-11-10_02-43-23,None,draft.py:2025-11-10_02-43-23
2025-11-13_03-07-13,None,draft.py:2025-11-10_02-43-23
2025-11-13_03-12-47,None,draft.py:2025-11-13_03-12-47
2025-11-13_03-20-21,None,draft.py:2025-11-13_03-20-21
2025-11-13_03-26-42,None,draft.py:2025-11-13_03-26-42
2025-11-13_03-27-01,None,draft.py:2025-11-13_03-27-01
2025-11-13_03-31-12,None,draft.py:2025-11-13_03-31-12
2025-11-13_03-31-46,None,draft.py:2025-11-13_03-31-12
2025-11-13_03-35-51,None,draft.py:2025-11-13_03-35-51
2025-11-13_03-44-13,None,draft.py:2025-11-13_03-35-51
2025-11-13_03-45-27,None,draft.py:2025-11-13_03-45-27
2025-11-13_03-50-57,None,draft.py:2025-11-13_03-50-57
2025-11-13_03-53-03,None,draft.py:2025-11-13_03-53-03
2025-11-13_03-54-13,None,draft.py:2025-11-13_03-54-13
2025-11-13_04-07-20,None,draft.py:2025-11-13_04-07-20
2025-11-13_04-09-21,None,draft.py:2025-11-13_04-07-20
2025-11-13_04-10-04,None,draft.py:2025-11-13_04-07-20
2025-11-13_04-15-22,None,draft.py:2025-11-13_04-15-22
2025-11-13_04-16-18,None,draft.py:2025-11-13_04-15-22
2025-11-15_23-46-39,None,draft.py:2025-11-13_04-15-22
2025-11-15_23-49-52,None,draft.py:2025-11-13_04-15-22
2025-11-15_23-50-37,None,draft.py:2025-11-13_04-15-22
2025-11-15_23-53-25,None,draft.py:2025-11-15_23-53-25
2025-11-15_23-53-35,None,draft.py:2025-11-15_23-53-35
2025-11-15_23-54-33,None,draft.py:2025-11-15_23-54-33
2025-11-15_23-54-44,None,draft.py:2025-11-15_23-54-33
2025-11-15_23-54-45,None,draft.py:2025-11-15_23-54-33
2025-11-15_23-55-22,None,draft.py:2025-11-15_23-54-33
2025-11-15_23-55-38,None,draft.py:2025-11-15_23-55-38
2025-11-15_23-56-55,None,draft.py:2025-11-15_23-56-55
2025-11-15_23-57-02,None,draft.py:2025-11-15_23-57-02
2025-11-15_23-57-06,None,draft.py:2025-11-15_23-57-02
2025-11-16_16-17-20,None,draft.py:2025-11-15_23-57-02
2025-11-16_16-21-02,None,draft.py:2025-11-16_16-21-02
2025-11-16_16-21-48,None,draft.py:2025-11-16_16-21-48
2025-11-16_16-21-57,None,draft.py:2025-11-16_16-21-48
2025-11-16_16-23-47,None,draft.py:2025-11-16_16-23-47
2025-11-16_16-23-48,None,draft.py:2025-11-16_16-23-47
2025-11-16_16-23-52,None,draft.py:2025-11-16_16-23-47
2025-11-16_16-24-04,None,draft.py:2025-11-16_16-23-47
2025-11-16_16-25-42,None,draft.py:2025-11-16_16-23-47
2025-11-16_16-30-26,None,draft.py:2025-11-16_16-23-47
2025-11-16_16-39-15,None,draft.py:2025-11-16_16-23-47
2025-11-16_16-39-19,None,draft.py:2025-11-16_16-23-47
2025-11-16_16-39-20,None,draft.py:2025-11-16_16-23-47
2025-11-16_16-41-12,None,draft.py:2025-11-16_16-41-12
2025-11-16_16-41-15,None,draft.py:2025-11-16_16-41-12
2025-11-16_16-41-46,None,draft.py:2025-11-16_16-41-46
2025-11-16_16-42-32,None,draft.py:2025-11-16_16-42-32
2025-11-16_16-42-33,None,draft.py:2025-11-16_16-42-32
2025-11-16_16-42-53,None,draft.py:2025-11-16_16-42-32
2025-11-16_16-42-54,None,draft.py:2025-11-16_16-42-32
2025-11-16_16-42-59,None,draft.py:2025-11-16_16-42-32
2025-11-16_16-55-22,None,draft.py:2025-11-16_16-42-32
2025-11-16_16-55-29,None,draft.py:2025-11-16_16-42-32
2025-11-16_16-55-32,None,draft.py:2025-11-16_16-42-32
2025-11-16_16-55-39,None,draft.py:2025-11-16_16-42-32
2025-11-16_17-08-42,None,draft.py:2025-11-16_16-42-32
2025-11-16_17-11-38,None,draft.py:2025-11-16_17-11-38
2025-11-16_17-11-41,None,draft.py:2025-11-16_17-11-38
2025-11-16_17-13-42,None,draft.py:2025-11-16_17-11-38
2025-11-16_17-15-26,None,draft.py:2025-11-16_17-15-26
2025-11-16_17-26-49,None,draft.py:2025-11-16_17-15-26
2025-11-16_17-27-02,None,draft.py:2025-11-16_17-15-26
2025-11-16_17-31-05,None,draft.py:2025-11-16_17-31-05
2025-11-16_17-32-17,None,draft.py:2025-11-16_17-32-17
2025-11-16_17-32-36,None,draft.py:2025-11-16_17-32-36
2025-11-16_17-34-56,None,draft.py:2025-11-16_17-34-56
2025-11-16_17-34-59,None,draft.py:2025-11-16_17-34-56
2025-11-16_17-36-29,None,draft.py:2025-11-16_17-36-29
2025-11-16_17-36-30,None,draft.py:2025-11-16_17-36-29
2025-11-16_17-36-38,None,draft.py:2025-11-16_17-36-38
2025-11-16_17-36-41,None,draft.py:2025-11-16_17-36-38
2025-11-16_17-36-46,None,draft.py:2025-11-16_17-36-38
2025-11-18_22-08-35,None,draft.py:2025-11-16_17-36-38
2025-11-18_22-15-50,None,draft.py:2025-11-16_17-36-38
2025-11-18_22-43-39,None,draft.py:2025-11-16_17-36-38
2025-11-18_22-43-40,None,draft.py:2025-11-16_17-36-38
2025-11-18_22-51-38,None,draft.py:2025-11-16_17-36-38
2025-11-18_23-02-44,None,draft.py:2025-11-16_17-36-38
2025-11-18_23-10-04,None,draft.py:2025-11-18_23-10-04
2025-11-18_23-11-57,None,draft.py:2025-11-18_23-11-57
2025-11-18_23-12-17,None,draft.py:2025-11-18_23-12-17
2025-11-18_23-25-26,None,draft.py:2025-11-18_23-25-26
2025-11-18_23-26-27,None,draft.py:2025-11-18_23-25-26
2025-11-18_23-28-33,None,draft.py:2025-11-18_23-28-33
2025-11-18_23-29-13,None,draft.py:2025-11-18_23-29-13
2025-11-18_23-30-35,None,draft.py:2025-11-18_23-30-35
2025-11-18_23-31-56,None,draft.py:2025-11-18_23-31-56
2025-11-18_23-32-55,None,draft.py:2025-11-18_23-31-56
